Assembly_number,Inc_type,Length,Host,Contig,Continent,Subtype
GCA_002180055.1,IncX3,46161,Homo sapiens,CP021534.1,Missing,blaNDM-7
GCA_002180135.1,IncX3,49828,Homo sapiens,CP021682.1,Missing,blaNDM-7
GCA_002180215.1,IncX3,46161,Homo sapiens,CP021692.1,Missing,blaNDM-5
GCA_002192295.1,IncX3,46159,Homo sapiens,CP021738.1,Missing,blaNDM-5
GCA_003999795.1,IncX3,46161,Environment,CP034744.1,Asia,blaNDM-5
GCA_003999815.1,IncX3,46261,Environment,CP034748.1,Asia,blaNDM-5
GCA_003999835.1,IncX3,46238,Environment,CP034730.1,Asia,blaNDM-5
GCA_004014735.1,IncX3,46263,Environment,CP034847.1,Asia,blaNDM-5
GCA_013016985.1,IncX3,8971,Environment,DABHRG010000051.1,Missing,blaNDM-5
GCA_012673005.1,IncX3,7745,Homo sapiens,DABCAF010000070.1,Missing,blaNDM-1
GCA_012672885.1,IncX3,3316,Homo sapiens,DABBZP010000058.1,Missing,blaNDM-5
GCA_013085385.1,IncX3,42513,Homo sapiens,DABITN010000038.1,Missing,blaNDM-7
GCA_012672645.1,IncX3,46161,Homo sapiens,DABBZH010000026.1,Missing,blaNDM-5
GCA_009821835.1,IncX3,44296,Swine,VDIY01000033.1,Missing,blaNDM-1
GCA_013340785.1,IncX3,47226,Homo sapiens,AP023194.1,Missing,blaNDM-5
GCA_013340805.1,IncX3,46160,Homo sapiens,AP023202.1,Missing,blaNDM-5
GCA_013340825.1,IncX3,46161,Homo sapiens,AP023210.1,Missing,blaNDM-5
GCA_011029465.1,IncX3,47332,Homo sapiens,JAAJRY010000033.1,Asia,blaNDM-19
GCA_011029505.1,IncX3,47332,Homo sapiens,JAAJRZ010000032.1,Asia,blaNDM-19
GCA_011029555.1,IncX3,47332,Homo sapiens,JAAJSD010000032.1,Asia,blaNDM-19
GCA_011029605.1,IncX3,43165,Homo sapiens,JAAJSE010000036.1,Asia,blaNDM-5
GCA_011029635.1,IncX3,3464,Homo sapiens,JAAJSM010000093.1,Asia,blaNDM-5
GCA_014827455.1,IncX3,43405,Poultry,DABXCT010000043.1,Asia,blaNDM
GCA_013011925.1,IncX3,45578,Environment,DABHMW010000036.1,Asia,blaNDM-5
GCA_013011465.1,IncX3,43979,Environment,DABHMR010000041.1,Asia,blaNDM-5
GCA_003999855.1,IncX3,46259,Missing,CP034737.1,Asia,blaNDM-5
GCA_008693265.1,IncX3,46161,Poultry,CM018321.1,Asia,blaNDM-5
GCA_008693295.1,IncX3,46161,Poultry,CM018322.1,Asia,blaNDM-5
GCA_900607785.1,IncX3,25436,Homo sapiens,UWWG01000006.1,Europe,blaNDM-5
GCA_900608045.1,IncX3,73149,Homo sapiens,UWXG01000003.1,Europe,blaNDM-5
GCA_003122105.1,IncX3,46161,Missing,CP029245.1,Asia,blaNDM-5
GCA_002994925.1,IncX3,45382,Homo sapiens,PVQG01000033.1,Asia,blaNDM-5
GCA_002994915.1,IncX3,45383,Homo sapiens,PVQI01000096.1,Asia,blaNDM-5
GCA_002994975.1,IncX3,45392,Homo sapiens,PVQH01000101.1,Asia,blaNDM-5
GCA_003031735.1,IncX3,46159,Homo sapiens,CP020512.1,North America,blaNDM-5
GCA_003971215.1,IncX3,45650,Missing,CP034591.1,Asia,blaNDM-5
GCA_003428445.1,IncX3,46161,Homo sapiens,CM010659.1,Asia,blaNDM-5
GCA_003546265.1,IncX3,43906,Homo sapiens,QXNX01000037.1,Africa,blaNDM-5
GCA_003342715.1,IncX3,46157,Homo sapiens,CP031138.1,Europe,blaNDM-7
GCA_001463115.1,IncX3,9310,Homo sapiens,LNHU01000075.1,South America,blaNDM-5
GCA_011076985.1,IncX3,45300,Environment,JAALAD010000029.1,Missing,blaNDM-5
GCA_014712335.1,IncX3,4464,Poultry,JACXRG010000048.1,Asia,blaNDM-5
GCA_014712445.1,IncX3,3320,Poultry,JACXRM010000050.1,Asia,blaNDM-5
GCA_014712535.1,IncX3,3319,Swine,JACXRR010000083.1,Asia,blaNDM-5
GCA_012030375.1,IncX3,46161,Homo sapiens,JAAUVL010000002.1,Asia,blaNDM-5
GCA_015245405.1,IncX3,1290,Homo sapiens,DACAIY010000317.1,Asia,blaNDM
GCA_013131465.1,IncX3,41962,Horse,JAAGEE010000029.1,Asia,blaNDM-5
GCA_013131485.1,IncX3,41962,Horse,JAAGEF010000029.1,Asia,blaNDM-5
GCA_013131475.1,IncX3,45863,Horse,JAAGEG010000031.1,Asia,blaNDM-5
GCA_003186665.1,IncX3,3475,Homo sapiens,QHMK01000110.1,Africa,blaNDM-5
GCA_009176965.1,IncX3,46158,Environment,AP019679.1,Asia,blaNDM-5
GCA_009659565.1,IncX3,45269,Vegetable,VMKS01000029.1,Asia,blaNDM-5
GCA_013374275.1,IncX3,44962,Homo sapiens,AP023227.1,Asia,blaNDM-1
GCA_014793945.1,IncX3,3242,Homo sapiens,DABWNN010000236.1,Asia,blaNDM-5
GCA_014775555.1,IncX3,2307,Homo sapiens,DABWHM010000187.1,Asia,blaNDM-5
GCA_014775115.1,IncX3,3323,Homo sapiens,DABWGX010000093.1,Asia,blaNDM-5
GCA_014793845.1,IncX3,1022,Homo sapiens,DABWNH010000165.1,Asia,blaNDM-5
GCA_014778675.1,IncX3,3356,Homo sapiens,DABWJU010000094.1,Asia,blaNDM-5
GCA_014775135.1,IncX3,3242,Homo sapiens,DABWGW010000162.1,Asia,blaNDM-5
GCA_014776175.1,IncX3,1764,Homo sapiens,DABWHS010000224.1,Asia,blaNDM-5
GCA_014776195.1,IncX3,33169,Homo sapiens,DABWHQ010000047.1,Asia,blaNDM-7
GCA_014777195.1,IncX3,3328,Homo sapiens,DABWIU010000091.1,Asia,blaNDM-5
GCA_014776135.1,IncX3,2281,Homo sapiens,DABWHR010000167.1,Asia,blaNDM-5
GCA_014827835.1,IncX3,3242,Poultry,DABXDG010000180.1,Asia,blaNDM-5
GCA_014827735.1,IncX3,3243,Poultry,DABXDI010000136.1,Asia,blaNDM-5
GCA_014827715.1,IncX3,3240,Poultry,DABXCZ010000134.1,Asia,blaNDM-5
GCA_014845435.1,IncX3,3240,Poultry,DABXEB010000138.1,Asia,blaNDM-5
GCA_014827035.1,IncX3,3243,Poultry,DABXDJ010000142.1,Asia,blaNDM-5
GCA_014827575.1,IncX3,8702,Poultry,DABXDB010000062.1,Asia,blaNDM-5
GCA_014838635.1,IncX3,8702,Poultry,DABXDU010000062.1,Asia,blaNDM-5
GCA_014827555.1,IncX3,8702,Poultry,DABXDD010000061.1,Asia,blaNDM-5
GCA_014827515.1,IncX3,8701,Poultry,DABXCY010000062.1,Asia,blaNDM-5
GCA_014827635.1,IncX3,45337,Poultry,DABXCX010000039.1,Asia,blaNDM-5
GCA_014838535.1,IncX3,45337,Poultry,DABXDR010000038.1,Asia,blaNDM-5
GCA_014827535.1,IncX3,3243,Poultry,DABXCW010000172.1,Asia,blaNDM-5
GCA_014827875.1,IncX3,8701,Poultry,DABXDN010000061.1,Asia,blaNDM-5
GCA_014827495.1,IncX3,8702,Poultry,DABXCV010000063.1,Asia,blaNDM-5
GCA_014827295.1,IncX3,8702,Poultry,DABXCR010000061.1,Asia,blaNDM-5
GCA_014827435.1,IncX3,7588,Poultry,DABXCS010000055.1,Asia,blaNDM-5
GCA_014827275.1,IncX3,7588,Poultry,DABXCP010000057.1,Asia,blaNDM-5
GCA_014827375.1,IncX3,44137,Poultry,DABXCG010000035.1,Asia,blaNDM-1
GCA_014827335.1,IncX3,8701,Poultry,DABXCO010000070.1,Asia,blaNDM-5
GCA_014827475.1,IncX3,8701,Poultry,DABXCI010000072.1,Asia,blaNDM-5
GCA_004295365.1,IncX3,46161,Homo sapiens,CP036179.1,Asia,blaNDM-5
GCA_004301465.1,IncX3,51321,Homo sapiens,CP036205.1,Asia,blaNDM-5
GCA_001893455.1,IncX3,8743,Fly,MOJC01000063.1,Asia,blaNDM-5
GCA_001893875.1,IncX3,45380,Fly,MOIV01000034.1,Asia,blaNDM-7
GCA_001893905.1,IncX3,45380,Fly,MOIW01000034.1,Asia,blaNDM-7
GCA_001894245.1,IncX3,45379,Fly,MOJB01000045.1,Asia,blaNDM-5
GCA_001894255.1,IncX3,8744,Fly,MOJE01000033.1,Asia,blaNDM-5
GCA_013012465.1,IncX3,41340,Homo sapiens,DABHOO010000027.1,Asia,blaNDM-4
GCA_013012045.1,IncX3,42366,Environment,DABHNU010000035.1,Asia,blaNDM-7
GCA_004011625.1,IncX3,3320,Homo sapiens,RXHE01000096.1,Asia,blaNDM-5
GCA_004088295.1,IncX3,46161,Homo sapiens,CP035125.1,Asia,blaNDM-7
GCA_004122195.1,IncX3,3433,Homo sapiens,RIZL01000089.1,Asia,blaNDM-5
GCA_004122205.1,IncX3,3433,Homo sapiens,RIZJ01000063.1,Asia,blaNDM-5
GCA_004122245.1,IncX3,3433,Homo sapiens,RIZN01000109.1,Asia,blaNDM-5
GCA_004122295.1,IncX3,3431,Homo sapiens,RIZP01000031.1,Asia,blaNDM-5
GCA_004122455.1,IncX3,4074,Homo sapiens,RIZY01000066.1,Asia,blaNDM-5
GCA_004126435.1,IncX3,4066,Homo sapiens,RIZZ01000068.1,Asia,blaNDM-5
GCA_012302065.1,IncX3,46161,Homo sapiens,DAAZOZ010000019.1,Europe,blaNDM-7
GCA_012301985.1,IncX3,1786,Homo sapiens,DAAZOY010000170.1,Europe,blaNDM-7
GCA_005869925.1,IncX3,1898,Homo sapiens,VCAV01000141.1,Asia,blaNDM-5
GCA_012434055.1,IncX3,45338,Homo sapiens,DAAZPL010000036.1,Australia,blaNDM-7
GCA_012453205.1,IncX3,8701,Homo sapiens,DAAZTS010000134.1,Australia,blaNDM-5
GCA_012452935.1,IncX3,1520,Homo sapiens,DAAZSZ010000104.1,Australia,blaNDM-5
GCA_012452765.1,IncX3,42367,Homo sapiens,DAAZSY010000041.1,Australia,blaNDM-7
GCA_012440425.1,IncX3,43498,Homo sapiens,DAAZPP010000038.1,Australia,blaNDM-5
GCA_012508955.1,IncX3,44295,Homo sapiens,DABAOV010000041.1,Australia,blaNDM-7
GCA_009392935.1,IncX3,8959,Swine,RYAF01000053.1,Asia,blaNDM-5
GCA_009392965.1,IncX3,8998,Swine,RYAB01000075.1,Asia,blaNDM-5
GCA_009392975.1,IncX3,7760,Swine,RYAA01000071.1,Asia,blaNDM-1
GCA_009393045.1,IncX3,45806,Swine,RYAH01000034.1,Asia,blaNDM-5
GCA_009393075.1,IncX3,8205,Swine,RYAG01000041.1,Asia,blaNDM-5
GCA_009393035.1,IncX3,8959,Swine,RYAD01000069.1,Asia,blaNDM-5
GCA_009393115.1,IncX3,8980,Swine,RYAK01000069.1,Asia,blaNDM-5
GCA_009393125.1,IncX3,7760,Swine,RYAI01000111.1,Asia,blaNDM-1
GCA_009393145.1,IncX3,44396,Swine,RYAJ01000027.1,Asia,blaNDM-1
GCA_009393175.1,IncX3,8959,Swine,RYAM01000058.1,Asia,blaNDM-5
GCA_009393205.1,IncX3,8959,Swine,RYAN01000037.1,Asia,blaNDM-5
GCA_009393335.1,IncX3,7760,Swine,RYAC01000070.1,Asia,blaNDM-1
GCA_009393345.1,IncX3,44396,Swine,RYAU01000028.1,Asia,blaNDM-1
GCA_009393365.1,IncX3,45595,Swine,RYAV01000032.1,Asia,blaNDM-5
GCA_009393395.1,IncX3,45595,Swine,RYAW01000028.1,Asia,blaNDM-5
GCA_009393425.1,IncX3,45595,Swine,RYAZ01000030.1,Asia,blaNDM-5
GCA_009393485.1,IncX3,8959,Swine,RYBB01000062.1,Asia,blaNDM-5
GCA_009393515.1,IncX3,7845,Swine,RYBD01000068.1,Asia,blaNDM-1
GCA_009393525.1,IncX3,46288,Swine,RYBC01000036.1,Asia,blaNDM-20
GCA_009393565.1,IncX3,44837,Swine,RYBE01000036.1,Asia,blaNDM-5
GCA_009393595.1,IncX3,46288,Swine,RYBF01000033.1,Asia,blaNDM-5
GCA_009393615.1,IncX3,45716,Swine,RYBI01000033.1,Asia,blaNDM-5
GCA_009393635.1,IncX3,46288,Swine,RYBJ01000035.1,Asia,blaNDM-5
GCA_009393845.1,IncX3,8859,Fly,RYBU01000083.1,Asia,blaNDM-5
GCA_009393855.1,IncX3,3321,Fly,RYBW01000072.1,Asia,blaNDM-5
GCA_009393915.1,IncX3,10620,Fly,RYBX01000079.1,Asia,blaNDM-5
GCA_009393935.1,IncX3,8944,Fly,RYBY01000067.1,Asia,blaNDM-5
GCA_009393945.1,IncX3,3746,Fly,RYCA01000099.1,Asia,blaNDM-5
GCA_009393955.1,IncX3,8859,Fly,RYCB01000070.1,Asia,blaNDM-5
GCA_009393965.1,IncX3,8859,Fly,RYBZ01000081.1,Asia,blaNDM-5
GCA_009394015.1,IncX3,44296,Fly,RYCC01000040.1,Asia,blaNDM-1
GCA_009394035.1,IncX3,46014,Fly,RYCD01000034.1,Asia,blaNDM-5
GCA_009394045.1,IncX3,3375,Fly,RYCE01000102.1,Asia,blaNDM-5
GCA_009394135.1,IncX3,3527,Poultry,RYCJ01000144.1,Asia,blaNDM-5
GCA_009394145.1,IncX3,45495,Poultry,RYCK01000029.1,Asia,blaNDM-5
GCA_009394195.1,IncX3,8863,Poultry,RYCL01000072.1,Asia,blaNDM-5
GCA_009394225.1,IncX3,8859,Poultry,RYCN01000079.1,Asia,blaNDM-5
GCA_009394235.1,IncX3,45487,Poultry,RYCO01000036.1,Asia,blaNDM-5
GCA_009394305.1,IncX3,3321,Cattle,RYCT01000118.1,Asia,blaNDM-5
GCA_009394315.1,IncX3,45495,Poultry,RYCS01000029.1,Asia,blaNDM-5
GCA_009394345.1,IncX3,4638,Poultry,RYCR01000101.1,Asia,blaNDM-5
GCA_009394375.1,IncX3,46006,Swine,RYDW01000033.1,Asia,blaNDM-5
GCA_003194265.1,IncX3,44106,Homo sapiens,CP023260.1,Europe,blaNDM-7
GCA_002967865.1,IncX3,46161,Homo sapiens,PUJO01000146.1,Asia,blaNDM-5
GCA_002967855.1,IncX3,46161,Homo sapiens,PUJQ01000122.1,Asia,blaNDM-5
GCA_002967885.1,IncX3,46161,Homo sapiens,PUJN01000125.1,Asia,blaNDM-5
GCA_002967875.1,IncX3,46161,Homo sapiens,PUJM01000136.1,Asia,blaNDM-5
GCA_002967935.1,IncX3,46161,Homo sapiens,PUJS01000162.1,Asia,blaNDM-5
GCA_002967955.1,IncX3,46161,Homo sapiens,PUJP01000124.1,Asia,blaNDM-5
GCA_002967975.1,IncX3,46161,Homo sapiens,PUJR01000165.1,Asia,blaNDM-5
GCA_003008115.1,IncX3,42490,Homo sapiens,PVPP01000096.1,Asia,blaNDM-5
GCA_003303125.1,IncX3,3398,Homo sapiens,NRZJ01000031.1,Asia,blaNDM-5
GCA_003711045.1,IncX3,46161,Homo sapiens,CP033399.1,Asia,blaNDM-5
GCA_001463535.1,IncX3,3460,Homo sapiens,LNHW01000129.1,South America,blaNDM-7
GCA_001509675.1,IncX3,43451,Homo sapiens,LLJV01000005.1,Asia,blaNDM-5
GCA_001509655.1,IncX3,43488,Homo sapiens,LLJU01000045.1,Asia,blaNDM-5
GCA_001644175.1,IncX3,3320,Homo sapiens,LWQZ01000140.1,Asia,blaNDM-5
GCA_013072925.1,IncX3,43663,Environment,JABEYF010000118.1,Asia,blaNDM-5
GCA_013073055.1,IncX3,8957,Environment,JABEYG010000157.1,Asia,blaNDM-5
GCA_013073145.1,IncX3,43663,Environment,JABEYN010000120.1,Asia,blaNDM-5
GCA_013346985.1,IncX3,9000,Homo sapiens,JABEWM010000058.1,Asia,blaNDM-5
GCA_011077085.1,IncX3,8906,Swine,JAALAJ010000086.1,Asia,blaNDM-5
GCA_011077125.1,IncX3,8902,Swine,JAALAL010000035.1,Asia,blaNDM-5
GCA_011077135.1,IncX3,8902,Swine,JAALAK010000081.1,Asia,blaNDM-5
GCA_011077465.1,IncX3,3365,Poultry,JAALAX010000108.1,Asia,blaNDM-5
GCA_011379085.1,IncX3,43665,Homo sapiens,WUBW01000034.1,Asia,blaNDM-5
GCA_013375195.1,IncX3,46161,Animal food,JABXOE010000004.1,Asia,blaNDM-5
GCA_013447795.1,IncX3,4213,Homo sapiens,AATVML010000184.1,North America,blaNDM-5
GCA_013443175.1,IncX3,8750,Homo sapiens,AATVJL010000087.1,North America,blaNDM-5
GCA_013425955.1,IncX3,46161,Homo sapiens,CP059006.1,Asia,blaNDM-5
GCA_013694345.1,IncX3,46161,Animal food,CP059286.1,Asia,blaNDM-5
GCA_002164865.2,IncX3,46161,Homo sapiens,CP034965.1,Asia,blaNDM-5
GCA_002164935.1,IncX3,8859,Homo sapiens,NGVE01000038.1,Asia,blaNDM-5
GCA_002164955.1,IncX3,3320,Homo sapiens,NGVH01000095.1,Asia,blaNDM-5
GCA_002164975.2,IncX3,46161,Homo sapiens,CP034957.1,Asia,blaNDM-5
GCA_002165005.1,IncX3,8916,Homo sapiens,NGVJ01000053.1,Asia,blaNDM-5
GCA_002165035.1,IncX3,45822,Homo sapiens,NGVK01000031.1,Asia,blaNDM-5
GCA_002165045.1,IncX3,8880,Homo sapiens,NGVB01000045.1,Asia,blaNDM-5
GCA_002165055.1,IncX3,43565,Homo sapiens,NGVC01000035.1,Asia,blaNDM-5
GCA_002165095.2,IncX3,46161,Homo sapiens,CP032889.1,Asia,blaNDM-5
GCA_002811555.3,IncX3,44088,Environment,CP027204.2,Asia,blaNDM-5
GCA_002811605.1,IncX3,8863,Homo sapiens,NTBG01000070.1,Asia,blaNDM-7
GCA_002811725.1,IncX3,3321,Homo sapiens,NTBF01000093.1,Asia,blaNDM-5
GCA_001893015.1,IncX3,43439,Fly,MOIF01000073.1,Asia,blaNDM-5
GCA_001893085.1,IncX3,8746,Fly,MOIC01000010.1,Asia,blaNDM-5
GCA_001893105.1,IncX3,43544,Fly,MOIG01000069.1,Asia,blaNDM-5
GCA_001893125.1,IncX3,3203,Fly,MOIJ01000097.1,Asia,blaNDM-5
GCA_001893135.1,IncX3,45381,Fly,MOIL01000023.1,Asia,blaNDM-5
GCA_001893165.1,IncX3,8803,Fly,MOIN01000083.1,Asia,blaNDM-5
GCA_001893155.1,IncX3,8746,Fly,MOIM01000113.1,Asia,blaNDM-5
GCA_001893245.1,IncX3,43450,Fly,MOIS01000005.1,Asia,blaNDM-5
GCA_001893305.1,IncX3,4027,Fly,MOIE01000049.1,Asia,blaNDM-5
GCA_001893285.1,IncX3,9305,Fly,MOIT01000107.1,Asia,blaNDM-5
GCA_001893315.1,IncX3,3792,Fly,MOIB01000149.1,Asia,blaNDM-5
GCA_001893345.1,IncX3,45381,Fly,MOIH01000042.1,Asia,blaNDM-5
GCA_001893385.1,IncX3,4088,Fly,MOII01000161.1,Asia,blaNDM-5
GCA_001893395.1,IncX3,8786,Fly,MOIY01000079.1,Asia,blaNDM-5
GCA_002152065.1,IncX3,45533,Homo sapiens,NGSC01000004.1,North America,blaNDM-5
GCA_002265005.1,IncX3,43665,Homo sapiens,NPHQ01000031.1,Asia,blaNDM-5
GCA_002265035.1,IncX3,43665,Homo sapiens,NPHR01000036.1,Asia,blaNDM-5
GCA_002265145.1,IncX3,7846,Homo sapiens,NPHP01000082.1,Asia,blaNDM-5
GCA_001713625.1,IncX3,3417,Homo sapiens,LXFK01000105.1,Asia,blaNDM-5
GCA_012516455.1,IncX3,46160,Swine,CP051221.1,Asia,blaNDM-5
GCA_014494385.1,IncX3,3224,Homo sapiens,JACUZC010000070.1,Asia,blaNDM-5
GCA_014494455.1,IncX3,45340,Homo sapiens,JACUYY010000030.1,Asia,blaNDM-5
GCA_014494525.1,IncX3,3202,Homo sapiens,JACUYX010000074.1,Asia,blaNDM-5
GCA_014494575.1,IncX3,7786,Homo sapiens,JACUYT010000075.1,Asia,blaNDM-5
GCA_014494805.1,IncX3,43411,Homo sapiens,JACUYI010000030.1,Asia,blaNDM-5
GCA_014495025.1,IncX3,3167,Homo sapiens,JACUXW010000113.1,Asia,blaNDM-7
GCA_014495055.1,IncX3,7055,Homo sapiens,JACUXU010000057.1,Asia,blaNDM-5
GCA_002164915.1,IncX3,3317,Homo sapiens,NGVA01000119.1,Asia,blaNDM-5
GCA_002165115.2,IncX3,46161,Homo sapiens,CP032424.1,Asia,blaNDM-5
GCA_004684135.1,IncX3,3341,Homo sapiens,SRIQ01000156.1,Asia,blaNDM-5
GCA_004684195.1,IncX3,1724,Homo sapiens,SRIP01000132.1,Asia,blaNDM-5
GCA_900773895.1,IncX3,45544,Homo sapiens,CAAGSI010000027.1,Africa,blaNDM-5
GCA_002223405.1,IncX3,3412,Homo sapiens,NIIE01000073.1,Asia,blaNDM-5
GCA_015254735.1,IncX3,1874,Homo sapiens,DACAJO010000131.1,Asia,blaNDM-5
GCA_015245315.1,IncX3,3246,Homo sapiens,DACAIR010000238.1,Asia,blaNDM-5
GCA_015245765.1,IncX3,45337,Homo sapiens,DACAJF010000035.1,Asia,blaNDM-5
GCA_015245865.1,IncX3,3304,Homo sapiens,DACAJJ010000107.1,Asia,blaNDM-5
GCA_015245495.1,IncX3,47072,Homo sapiens,DACAIS010000032.1,Asia,blaNDM-19
GCA_013162105.1,IncX3,3242,Homo sapiens,DABIZS010000089.1,Africa,blaNDM-5
GCA_002850675.5,IncX3,46161,Homo sapiens,CP025948.1,Asia,blaNDM-21
GCA_011291795.1,IncX3,46161,Pet,JAANTD010000003.1,Asia,blaNDM-5
GCA_014169695.1,IncX3,46158,Environment,AP022249.1,Asia,blaNDM-5
GCA_011044135.1,IncX3,46161,Pet,CP049051.1,Asia,blaNDM-5
GCA_015013835.1,IncX3,3241,Homo sapiens,DABXUM010000277.1,North America,blaNDM-5
GCA_015042275.1,IncX3,44012,Homo sapiens,DABYPR010000036.1,North America,blaNDM-5
GCA_002860105.1,IncX3,46145,Homo sapiens,CP019073.1,Asia,blaNDM-5
GCA_001893465.1,IncX3,45381,Pet,MOJG01000049.1,Asia,blaNDM-5
GCA_001893475.1,IncX3,45381,Pet,MOJH01000064.1,Asia,blaNDM-5
GCA_001893555.1,IncX3,3208,Animal food,MOJY01000127.1,Asia,blaNDM-5
GCA_001893765.1,IncX3,3321,Homo sapiens,MOKQ01000173.1,Asia,blaNDM-5
GCA_001893785.1,IncX3,9304,Wild animal,MOKR01000074.1,Asia,blaNDM-5
GCA_001893775.1,IncX3,3788,Wild animal,MOKT01000034.1,Asia,blaNDM-5
GCA_001893995.1,IncX3,3390,Pet,MOJM01000157.1,Asia,blaNDM-5
GCA_001893985.1,IncX3,45481,Pet,MOJK01000039.1,Asia,blaNDM-5
GCA_001894025.1,IncX3,3271,Pet,MOJO01000137.1,Asia,blaNDM-5
GCA_001894035.1,IncX3,3208,Pet,MOJQ01000055.1,Asia,blaNDM-5
GCA_001894065.1,IncX3,8744,Pet,MOJS01000091.1,Asia,blaNDM-5
GCA_001894085.1,IncX3,9033,Animal food,MOKC01000109.1,Asia,blaNDM-5
GCA_001894305.1,IncX3,45380,Pet,MOJI01000033.1,Asia,blaNDM-5
GCA_001894315.1,IncX3,4382,Pet,MOJJ01000081.1,Asia,blaNDM-5
GCA_001894335.1,IncX3,3260,Pet,MOJN01000133.1,Asia,blaNDM-5
GCA_001894325.1,IncX3,45378,Pet,MOJL01000048.1,Asia,blaNDM-5
GCA_001894385.1,IncX3,3449,Animal food,MOJW01000077.1,Asia,blaNDM-5
GCA_001894425.1,IncX3,3205,Pet,MOJR01000096.1,Asia,blaNDM-5
GCA_001894505.1,IncX3,37995,Homo sapiens,MOKO01000042.1,Asia,blaNDM-5
GCA_001894545.1,IncX3,45359,Homo sapiens,MOKP01000027.1,Asia,blaNDM-5
GCA_014692215.1,IncX3,3241,Homo sapiens,DABUNC010000167.1,Asia,blaNDM-7
GCA_014692185.1,IncX3,45748,Homo sapiens,DABUMU010000027.1,Asia,blaNDM-5
GCA_009393195.1,IncX3,3496,Swine,RYAO01000087.1,Asia,blaNDM-5
GCA_009393225.1,IncX3,8963,Swine,RYAP01000059.1,Asia,blaNDM-5
GCA_009393295.1,IncX3,4129,Swine,RYAS01000048.1,Asia,blaNDM-5
GCA_009393415.1,IncX3,8959,Swine,RYAX01000050.1,Asia,blaNDM-5
GCA_009393445.1,IncX3,8959,Swine,RYAY01000049.1,Asia,blaNDM-5
GCA_009393555.1,IncX3,9016,Swine,RYBG01000071.1,Asia,blaNDM-5
GCA_009393655.1,IncX3,8959,Swine,RYBL01000059.1,Asia,blaNDM-5
GCA_009393665.1,IncX3,8959,Swine,RYBM01000061.1,Asia,blaNDM-5
GCA_009393745.1,IncX3,9016,Homo sapiens,RYBR01000087.1,Asia,blaNDM-5
GCA_009393815.1,IncX3,46288,Homo sapiens,RYBS01000036.1,Asia,blaNDM-5
GCA_009394395.1,IncX3,46230,Swine,RYDX01000030.1,Asia,blaNDM-5
GCA_009394465.1,IncX3,9016,Homo sapiens,RYEB01000066.1,Asia,blaNDM-5
GCA_009394485.1,IncX3,8959,Homo sapiens,RYEC01000038.1,Asia,blaNDM-5
GCA_009394515.1,IncX3,8995,Homo sapiens,RYEE01000044.1,Asia,blaNDM-5
GCA_009394525.1,IncX3,48632,Homo sapiens,RYEF01000028.1,Asia,blaNDM-1
GCA_009394575.1,IncX3,8959,Homo sapiens,RYEG01000037.1,Asia,blaNDM-5
GCA_009394585.1,IncX3,4781,Homo sapiens,RYEH01000114.1,Asia,blaNDM-5
GCA_009394605.1,IncX3,8995,Homo sapiens,RYEK01000045.1,Asia,blaNDM-5
GCA_009394625.1,IncX3,3558,Homo sapiens,RYEJ01000120.1,Asia,blaNDM-1
GCA_009455525.1,IncX3,45595,Swine,RYBH01000032.1,Asia,blaNDM-5
GCA_003172475.1,IncX3,3167,Environment,QGIO01000079.1,Asia,blaNDM-5
GCA_003172645.1,IncX3,3167,Environment,QGIL01000080.1,Asia,blaNDM-5
GCA_002887535.1,IncX3,3228,Homo sapiens,NEFV01000068.1,Asia,blaNDM-5
GCA_002945135.3,IncX3,46161,Homo sapiens,CP026577.2,Asia,blaNDM-5
GCA_003051985.2,IncX3,46161,Homo sapiens,CP028577.1,Asia,blaNDM-5
GCA_013039045.1,IncX3,8702,Homo sapiens,DABIBW010000052.1,Asia,blaNDM-5
GCA_013039005.1,IncX3,45338,Homo sapiens,DABIBV010000031.1,Asia,blaNDM-5
GCA_013038935.1,IncX3,45337,Homo sapiens,DABIBS010000031.1,Asia,blaNDM-5
GCA_013038025.1,IncX3,8702,Homo sapiens,DABIAF010000074.1,Asia,blaNDM-5
GCA_001316875.2,IncX3,9010,Homo sapiens,LJDY02000161.1,Africa,blaNDM-5
GCA_001509665.1,IncX3,43449,Homo sapiens,LLJX01000029.1,Asia,blaNDM-5
GCA_001509715.1,IncX3,43502,Homo sapiens,LLJW01000009.1,Asia,blaNDM-5
GCA_001509735.1,IncX3,43577,Homo sapiens,LLJY01000009.1,Asia,blaNDM-5
GCA_001509745.1,IncX3,43513,Homo sapiens,LLJZ01000004.1,Asia,blaNDM-5
GCA_000812645.1,IncX3,8746,Homo sapiens,JTKA01000086.1,North America,blaNDM-5
GCA_012925805.1,IncX3,3242,Homo sapiens,AATNIL010000139.1,North America,blaNDM-5
GCA_012926085.1,IncX3,3241,Homo sapiens,AATNJB010000143.1,North America,blaNDM-5
GCA_012925745.1,IncX3,3242,Homo sapiens,AATNIF010000166.1,North America,blaNDM-5
GCA_012921875.1,IncX3,3242,Homo sapiens,AATNEA010000139.1,North America,blaNDM-5
GCA_012925705.1,IncX3,1725,Homo sapiens,AATNIK010000072.1,North America,blaNDM-7
GCA_013128775.1,IncX3,2220,Homo sapiens,AATTIA010000133.1,North America,blaNDM-5
GCA_013072825.1,IncX3,24001,Poultry,JABEYZ010000079.1,Asia,blaNDM-5
GCA_013072845.1,IncX3,11106,Poultry,JABEYV010000190.1,Asia,blaNDM-5
GCA_013072835.1,IncX3,9014,Poultry,JABEYY010000175.1,Asia,blaNDM-5
GCA_013072865.1,IncX3,9014,Poultry,JABEZC010000182.1,Asia,blaNDM-5
GCA_013072935.1,IncX3,24001,Environment,JABEYH010000093.1,Asia,blaNDM-5
GCA_013072965.1,IncX3,14641,Environment,JABEYJ010000182.1,Asia,blaNDM-5
GCA_013072945.1,IncX3,8957,Environment,JABEYI010000128.1,Asia,blaNDM-5
GCA_013073125.1,IncX3,43663,Poultry,JABEYO010000120.1,Asia,blaNDM-5
GCA_013073155.1,IncX3,8958,Poultry,JABEYS010000166.1,Asia,blaNDM-5
GCA_013073165.1,IncX3,7502,Poultry,JABEYQ010000175.1,Asia,blaNDM-5
GCA_013073175.1,IncX3,7871,Poultry,JABEYP010000013.1,Asia,blaNDM-5
GCA_013073225.1,IncX3,8958,Poultry,JABEYT010000159.1,Asia,blaNDM-5
GCA_013073245.1,IncX3,45595,Poultry,JABEZE010000088.1,Asia,blaNDM-5
GCA_013073255.1,IncX3,9014,Poultry,JABEZG010000139.1,Asia,blaNDM-5
GCA_013073265.1,IncX3,7622,Poultry,JABEYU010000187.1,Asia,blaNDM-5
GCA_013073295.1,IncX3,9014,Poultry,JABEZF010000179.1,Asia,blaNDM-5
GCA_013073325.1,IncX3,8957,Poultry,JABEZI010000161.1,Asia,blaNDM-5
GCA_013073355.1,IncX3,43663,Poultry,JABEZM010000117.1,Asia,blaNDM-5
GCA_013073345.1,IncX3,8957,Poultry,JABEZK010000191.1,Asia,blaNDM-5
GCA_013073375.1,IncX3,43663,Poultry,JABEZN010000119.1,Asia,blaNDM-5
GCA_013073425.1,IncX3,8966,Poultry,JABEZR010000202.1,Asia,blaNDM-5
GCA_013073445.1,IncX3,3417,Poultry,JABEZP010000069.1,Asia,blaNDM-5
GCA_013073455.1,IncX3,8957,Poultry,JABEZL010000162.1,Asia,blaNDM-5
GCA_013074465.1,IncX3,8957,Poultry,JABEZH010000130.1,Asia,blaNDM-5
GCA_013074485.1,IncX3,43663,Poultry,JABEZD010000098.1,Asia,blaNDM-5
GCA_013074495.1,IncX3,7927,Poultry,JABEZO010000055.1,Asia,blaNDM-5
GCA_013717165.1,IncX3,44299,Homo sapiens,AAUJWJ010000032.1,North America,blaNDM-7
GCA_013716405.1,IncX3,44629,Homo sapiens,AAUJVY010000030.1,North America,blaNDM-5
GCA_013345105.1,IncX3,3401,Homo sapiens,RZMI01000092.1,Asia,blaNDM-5
GCA_013346965.1,IncX3,9004,Homo sapiens,JABEWN010000053.1,Asia,blaNDM-5
GCA_013347005.1,IncX3,46280,Homo sapiens,JABEWK010000031.1,Asia,blaNDM-5
GCA_013347035.1,IncX3,3462,Homo sapiens,JABEWJ010000067.1,Asia,blaNDM-1
GCA_013347025.1,IncX3,9000,Homo sapiens,JABEWL010000063.1,Asia,blaNDM-5
GCA_013347065.1,IncX3,7902,Homo sapiens,JABEWH010000051.1,Asia,blaNDM-5
GCA_011077005.1,IncX3,45538,Homo sapiens,JAALAF010000030.1,Asia,blaNDM-5
GCA_011077025.1,IncX3,45857,Homo sapiens,JAALAG010000036.1,Asia,blaNDM-5
GCA_011077045.1,IncX3,9002,Pet,JAALAH010000066.1,Asia,blaNDM-5
GCA_011077065.1,IncX3,9002,Pet,JAALAI010000066.1,Asia,blaNDM-5
GCA_011077095.1,IncX3,45538,Homo sapiens,JAALAE010000021.1,Asia,blaNDM-5
GCA_011077205.1,IncX3,45538,Homo sapiens,JAALAN010000023.1,Asia,blaNDM-5
GCA_011077275.1,IncX3,45538,Poultry,JAALAP010000029.1,Asia,blaNDM-5
GCA_011077305.1,IncX3,3419,Swine,JAALAQ010000103.1,Asia,blaNDM-5
GCA_011077345.1,IncX3,45537,Animal food,JAALAS010000031.1,Asia,blaNDM-5
GCA_011077365.1,IncX3,8923,Animal food,JAALAT010000045.1,Asia,blaNDM-5
GCA_011077515.1,IncX3,3360,Environment,JAALBD010000070.1,Asia,blaNDM-5
GCA_011077545.1,IncX3,8902,Environment,JAALBB010000069.1,Asia,blaNDM-5
GCA_011077535.1,IncX3,8902,Environment,JAALBC010000038.1,Asia,blaNDM-5
GCA_013513575.1,IncX3,3242,Homo sapiens,DABKGC010000164.1,North America,blaNDM-5
GCA_013426115.1,IncX3,53735,Homo sapiens,CP058664.1,Asia,blaNDM-1
GCA_002225075.1,IncX3,5622,Homo sapiens,NMQY01000096.1,Asia,blaNDM-5
GCA_002786655.1,IncX3,46137,Homo sapiens,CP024833.1,Asia,blaNDM-7
GCA_002787545.1,IncX3,46161,Homo sapiens,CP024818.1,Asia,blaNDM-7
GCA_002787645.1,IncX3,51455,Homo sapiens,CP024828.1,Asia,blaNDM-1
GCA_002787935.1,IncX3,46161,Homo sapiens,CP024825.1,Asia,blaNDM-5
GCA_002834305.1,IncX3,8958,Homo sapiens,PITP01000054.1,Asia,blaNDM-5
GCA_001891215.1,IncX3,3202,Poultry,MOES01000088.1,Asia,blaNDM-5
GCA_001891225.1,IncX3,3276,Poultry,MOER01000139.1,Asia,blaNDM-5
GCA_001891235.1,IncX3,3202,Poultry,MOET01000129.1,Asia,blaNDM-5
GCA_001891285.1,IncX3,4386,Poultry,MOEU01000141.1,Asia,blaNDM-5
GCA_001891465.1,IncX3,8745,Poultry,MOFO01000081.1,Asia,blaNDM-5
GCA_001891475.1,IncX3,45422,Poultry,MOFQ01000037.1,Asia,blaNDM-5
GCA_001891535.1,IncX3,45596,Poultry,MOFU01000069.1,Asia,blaNDM-5
GCA_001891555.1,IncX3,3208,Poultry,MOFY01000111.1,Asia,blaNDM-5
GCA_001891615.1,IncX3,43448,Poultry,MOGA01000080.1,Asia,blaNDM-5
GCA_001891625.1,IncX3,3209,Poultry,MOGC01000123.1,Asia,blaNDM-5
GCA_001891655.1,IncX3,3411,Poultry,MOGD01000098.1,Asia,blaNDM-5
GCA_001891685.1,IncX3,3354,Poultry,MOGG01000037.1,Asia,blaNDM-5
GCA_001891805.1,IncX3,45378,Poultry,MOGP01000028.1,Asia,blaNDM-5
GCA_001891885.1,IncX3,1287,Poultry,MOGV01000026.1,Asia,blaNDM-5
GCA_001891925.1,IncX3,9343,Poultry,MOGR01000005.1,Asia,blaNDM-5
GCA_001892245.1,IncX3,4504,Poultry,MOEW01000088.1,Asia,blaNDM-5
GCA_001892275.1,IncX3,4385,Poultry,MOFE01000069.1,Asia,blaNDM-5
GCA_001892335.1,IncX3,8966,Poultry,MOFL01000064.1,Asia,blaNDM-5
GCA_001892405.1,IncX3,45426,Poultry,MOFN01000022.1,Asia,blaNDM-5
GCA_001892435.1,IncX3,8746,Poultry,MOFR01000113.1,Asia,blaNDM-5
GCA_001892445.1,IncX3,8745,Poultry,MOFS01000050.1,Asia,blaNDM-5
GCA_001892485.1,IncX3,8746,Poultry,MOFV01000138.1,Asia,blaNDM-5
GCA_001892515.1,IncX3,45571,Poultry,MOGB01000018.1,Asia,blaNDM-5
GCA_001892505.1,IncX3,8835,Poultry,MOFX01000038.1,Asia,blaNDM-5
GCA_001892565.1,IncX3,45380,Poultry,MOGI01000019.1,Asia,blaNDM-5
GCA_001892585.1,IncX3,45380,Poultry,MOGK01000093.1,Asia,blaNDM-5
GCA_001892745.1,IncX3,8842,Poultry,MOHP01000045.1,Asia,blaNDM-5
GCA_001892755.1,IncX3,8746,Poultry,MOHQ01000098.1,Asia,blaNDM-5
GCA_001892795.1,IncX3,45449,Poultry,MOHS01000012.1,Asia,blaNDM-5
GCA_001892825.1,IncX3,45416,Poultry,MOHT01000033.1,Asia,blaNDM-5
GCA_001892835.1,IncX3,3338,Poultry,MOHU01000077.1,Asia,blaNDM-5
GCA_001892865.1,IncX3,44813,Poultry,MOHW01000035.1,Asia,blaNDM-5
GCA_001892905.1,IncX3,44623,Poultry,MOHZ01000026.1,Asia,blaNDM-5
GCA_002152115.1,IncX3,17924,Homo sapiens,NGRW01000008.1,North America,blaNDM-5
GCA_002264075.1,IncX3,4445,Homo sapiens,NOJW01000110.1,Asia,blaNDM-5
GCA_015000425.1,IncX3,1937,Homo sapiens,AAWREJ010000134.1,North America,blaNDM-5
GCA_015000795.1,IncX3,44234,Homo sapiens,AAWREH010000038.1,North America,blaNDM-5
GCA_015476715.1,IncX3,46161,Homo sapiens,JACSPI010000007.1,Asia,blaNDM-5
GCA_015290845.1,IncX3,8701,Homo sapiens,DACAPF010000137.1,Asia,blaNDM-5
GCA_015290045.1,IncX3,45455,Homo sapiens,DACAPB010000006.1,Asia,blaNDM-5
GCA_015290325.1,IncX3,45338,Homo sapiens,DACAOW010000031.1,Asia,blaNDM-5
GCA_015290805.1,IncX3,3241,Homo sapiens,DACAOR010000314.1,Asia,blaNDM-5
GCA_015290285.1,IncX3,45777,Homo sapiens,DACAOQ010000035.1,Asia,blaNDM-5
GCA_015290265.1,IncX3,49900,Homo sapiens,DACAOS010000032.1,Asia,blaNDM-1
GCA_015290245.1,IncX3,1783,Homo sapiens,DACAOP010000336.1,Asia,blaNDM-5
GCA_015290385.1,IncX3,1487,Homo sapiens,DACAON010000198.1,Asia,blaNDM-5
GCA_015285405.1,IncX3,2251,Homo sapiens,AAXCRE010000060.1,Africa,blaNDM-5
GCA_015283925.1,IncX3,1637,Homo sapiens,AAXCOP010000085.1,Africa,blaNDM-5
GCA_015283285.1,IncX3,1639,Homo sapiens,AAXCNR010000071.1,Africa,blaNDM-5
GCA_015623645.1,IncX3,3238,Homo sapiens,AAXKCA010000078.1,North America,blaNDM-5
GCA_015622305.1,IncX3,1620,Homo sapiens,AAXJZO010000123.1,North America,blaNDM-5
GCA_015621905.1,IncX3,3242,Homo sapiens,AAXJYK010000129.1,North America,blaNDM-5
GCA_015961345.1,IncX3,3242,Homo sapiens,AAXURH010000106.1,North America,blaNDM-5
GCA_015959845.1,IncX3,3243,Homo sapiens,AAXUQD010000149.1,North America,blaNDM-5
GCA_015959085.1,IncX3,1078,Homo sapiens,DACUHJ010000143.1,Asia,blaNDM-5
GCA_015922985.1,IncX3,44783,Homo sapiens,AAXTNR010000037.1,North America,blaNDM-7
GCA_015923105.1,IncX3,3246,Homo sapiens,AAXTNO010000114.1,North America,blaNDM-5
GCA_015920725.1,IncX3,3222,Homo sapiens,AAXTIE010000089.1,North America,blaNDM-5
GCA_015892645.1,IncX3,3246,Homo sapiens,AAXSJP010000158.1,North America,blaNDM-5
GCA_015887865.1,IncX3,2767,Homo sapiens,AAXSGR010000135.1,North America,blaNDM-5
GCA_015888125.1,IncX3,3246,Homo sapiens,AAXSGO010000159.1,North America,blaNDM-5
GCA_015888265.1,IncX3,3242,Homo sapiens,AAXSHF010000118.1,North America,blaNDM-5
GCA_015888025.1,IncX3,45077,Homo sapiens,AAXSGX010000038.1,North America,blaNDM-5
GCA_015887945.1,IncX3,3241,Homo sapiens,AAXSGJ010000110.1,North America,blaNDM-5
GCA_015884385.1,IncX3,3245,Homo sapiens,AAXSFV010000122.1,North America,blaNDM-5
GCA_015696985.1,IncX3,3246,Homo sapiens,AAXLYW010000108.1,North America,blaNDM-5
GCA_002133365.1,IncX3,124845,Homo sapiens,CM007910.1,Asia,blaNDM-5
GCA_015697005.1,IncX3,3245,Homo sapiens,AAXLYV010000097.1,North America,blaNDM-5
GCA_011067085.1,IncX3,46118,Poultry,CP049352.1,Asia,blaNDM
GCA_015712415.1,IncX3,3321,Homo sapiens,VOUE01000086.1,Asia,blaNDM-5
GCA_015712485.1,IncX3,8858,Homo sapiens,VOUF01000066.1,Asia,blaNDM-5
GCA_015712495.1,IncX3,8858,Homo sapiens,VOUH01000047.1,Asia,blaNDM-5
GCA_015712535.1,IncX3,3321,Homo sapiens,VOUG01000076.1,Asia,blaNDM-5
GCA_015712615.1,IncX3,3385,Homo sapiens,VOUM01000092.1,Asia,blaNDM-5
GCA_015712625.1,IncX3,43632,Homo sapiens,VOUL01000033.1,Asia,blaNDM-5
GCA_016092005.1,IncX3,8824,Swine,JAEDUS010000085.1,Asia,blaNDM-5
GCA_016091995.1,IncX3,3202,Swine,JAEDUT010000127.1,Asia,blaNDM-5
GCA_016092015.1,IncX3,8745,Swine,JAEDUQ010000056.1,Asia,blaNDM-5
GCA_016092025.1,IncX3,8745,Swine,JAEDUR010000111.1,Asia,blaNDM-5
GCA_016092075.1,IncX3,5677,Swine,JAEDUU010000007.1,Asia,blaNDM-5
GCA_002192375.1,IncX3,46161,Homo sapiens,CP021759.1,Missing,blaNDM-7
GCA_001482605.1,IncX3,3202,Environment,LLJS01000022.1,Europe,blaNDM-5
GCA_001463215.1,IncX3,3336,Homo sapiens,LNHX01000047.1,South America,blaNDM-7
GCA_002775595.1,IncX3,44058,Homo sapiens,NICZ01000017.1,Asia,blaNDM-7
GCA_003037715.1,IncX3,3165,Homo sapiens,PWAP01000086.1,Asia,blaNDM-5
GCA_003261645.1,IncX3,6404,Environment,QJNQ01000051.1,Asia,blaNDM-5
GCA_004024285.1,IncX3,43723,Environment,QKPG01000021.1,North America,blaNDM-7
GCA_004321365.1,IncX3,45436,Wild animal,SGRS01000025.1,Asia,blaNDM-5
GCA_004321435.1,IncX3,45629,Wild animal,SGSD01000027.1,Asia,blaNDM-5
GCA_004321445.1,IncX3,43195,Wild animal,SGSA01000027.1,Asia,blaNDM-5
GCA_902166865.1,IncX3,60728,Homo sapiens,CABHKJ010000003.1,Europe,blaNDM-7
GCA_015353095.1,IncX3,46161,Swine,CP064177.1,Asia,blaNDM-5
GCA_005503745.1,IncX3,8745,Homo sapiens,RXMB01000004.1,Asia,blaNDM-5
GCA_005503795.1,IncX3,8745,Homo sapiens,RXMF01000005.1,Asia,blaNDM-5
GCA_005503805.1,IncX3,8745,Homo sapiens,RXMG01000049.1,Asia,blaNDM-5
GCA_005503815.1,IncX3,8786,Homo sapiens,RXMH01000050.1,Asia,blaNDM-5
GCA_005503855.1,IncX3,8834,Homo sapiens,RXMI01000019.1,Asia,blaNDM-5
GCA_005503935.1,IncX3,7969,Homo sapiens,RXMO01000054.1,Asia,blaNDM-5
GCA_005504165.1,IncX3,8746,Homo sapiens,RXMJ01000038.1,Asia,blaNDM-5
GCA_005504185.1,IncX3,3202,Homo sapiens,RXMK01000066.1,Asia,blaNDM-5
GCA_005504315.1,IncX3,8746,Homo sapiens,RXME01000041.1,Asia,blaNDM-5
GCA_011029525.1,IncX3,3528,Homo sapiens,JAAJSC010000040.1,Asia,blaNDM-7
GCA_011029535.1,IncX3,3528,Homo sapiens,JAAJSB010000039.1,Asia,blaNDM-7
GCA_011029615.1,IncX3,3528,Homo sapiens,JAAJSF010000038.1,Asia,blaNDM-7
GCA_011029745.1,IncX3,3485,Homo sapiens,JAAJSQ010000030.1,Asia,blaNDM-7
GCA_011029815.1,IncX3,3528,Homo sapiens,JAAJST010000033.1,Asia,blaNDM-7
GCA_017655335.1,IncX3,3505,Homo sapiens,JAGGIU010000036.1,Asia,blaNDM-7
GCA_017846505.1,IncX3,3489,Homo sapiens,JADOBA010000028.1,Asia,blaNDM-7
GCA_014040975.1,IncX3,3353,Environment,JACEZM010000039.1,Asia,blaNDM-5
GCA_014041005.1,IncX3,3353,Environment,JACEZL010000034.1,Asia,blaNDM-5
GCA_002252415.1,IncX3,3328,Homo sapiens,NOKM01000070.1,Asia,blaNDM-5
GCA_002257785.1,IncX3,7983,Homo sapiens,NBXV01000034.1,Asia,blaNDM-1
GCA_002257975.1,IncX3,3321,Homo sapiens,NBXO01000045.1,Asia,blaNDM-5
GCA_000971075.1,IncX3,5662,Homo sapiens,LART01000084.1,North America,blaNDM-5
GCA_001456055.3,IncX3,46161,Homo sapiens,CP012990.1,North America,blaNDM-7
GCA_001884315.1,IncX3,3482,Homo sapiens,LLWU01000027.1,North America,blaNDM-7
GCA_001884395.1,IncX3,3482,Homo sapiens,LLWV01000004.1,North America,blaNDM-7
GCA_001887995.2,IncX3,105259,Homo sapiens,CP031884.1,Asia,blaNDM-1
GCA_002108235.1,IncX3,3417,Homo sapiens,NBOK01000056.1,Asia,blaNDM-7
GCA_002108285.1,IncX3,3417,Homo sapiens,NBOM01000066.1,Asia,blaNDM-7
GCA_002108415.1,IncX3,3417,Homo sapiens,NBOO01000061.1,Asia,blaNDM-7
GCA_002264195.1,IncX3,48964,Homo sapiens,NPGM01000027.1,Asia,blaNDM-1
GCA_002811525.1,IncX3,5622,Environment,NQVK01000078.1,Asia,blaNDM-5
GCA_002811535.1,IncX3,45495,Environment,NQVL01000030.1,Asia,blaNDM-5
GCA_002811585.1,IncX3,45495,Environment,NQVM01000027.1,Asia,blaNDM-5
GCA_002966875.1,IncX3,68637,Homo sapiens,CP025215.1,Asia,blaNDM-7
GCA_003036445.1,IncX3,12555,Homo sapiens,PWAN01000024.1,Asia,blaNDM-5
GCA_003036645.1,IncX3,3167,Homo sapiens,PWBM01000048.1,Asia,blaNDM-5
GCA_003037655.1,IncX3,32726,Homo sapiens,PWAK01000021.1,Asia,blaNDM-1
GCA_003037665.1,IncX3,32726,Homo sapiens,PWAL01000021.1,Asia,blaNDM-1
GCA_003054385.1,IncX3,46161,Homo sapiens,CP028718.1,Asia,blaNDM-19
GCA_004011635.1,IncX3,43561,Homo sapiens,RXHF01000032.1,Asia,blaNDM-5
GCA_004294665.1,IncX3,3290,Homo sapiens,SHUB01000053.1,Asia,blaNDM-5
GCA_004294745.1,IncX3,3292,Homo sapiens,SHTZ01000050.1,Asia,blaNDM-5
GCA_004321285.1,IncX3,9408,Wild animal,SGRB01000038.1,Asia,blaNDM-5
GCA_002811735.1,IncX3,43888,Homo sapiens,NTBE01000034.1,Asia,blaNDM-5
GCA_002848835.1,IncX3,18465,Homo sapiens,PKNC01000098.1,Asia,blaNDM-7
GCA_002853455.1,IncX3,36863,Homo sapiens,NWFE01000027.1,Asia,blaNDM-1
GCA_002853475.2,IncX3,54035,Homo sapiens,CP037965.1,Asia,blaNDM-1
GCA_002853465.1,IncX3,48124,Homo sapiens,NWFF01000022.1,Asia,blaNDM-1
GCA_008630085.1,IncX3,4995,Homo sapiens,VWQS01000080.1,Asia,blaNDM-1
GCA_008630175.1,IncX3,7798,Homo sapiens,VWQV01000025.1,Asia,blaNDM-1
GCA_008630195.1,IncX3,46893,Homo sapiens,VWQW01000014.1,Asia,blaNDM-1
GCA_008630225.1,IncX3,13309,Homo sapiens,VWQY01000031.1,Asia,blaNDM-1
GCA_008630255.1,IncX3,47943,Homo sapiens,VWRA01000048.1,Asia,blaNDM-1
GCA_008630305.1,IncX3,7869,Homo sapiens,VWRE01000027.1,Asia,blaNDM-1
GCA_008632745.1,IncX3,7871,Homo sapiens,VWRF01000045.1,Asia,blaNDM-1
GCA_008632765.1,IncX3,7800,Homo sapiens,VWQU01000050.1,Asia,blaNDM-1
GCA_014840325.1,IncX3,5718,Homo sapiens,JACYPC010000042.1,Asia,blaNDM-7
GCA_014840395.1,IncX3,3420,Homo sapiens,JACYPE010000057.1,Asia,blaNDM-7
GCA_014840495.1,IncX3,3421,Homo sapiens,JACYPJ010000046.1,Asia,blaNDM-7
GCA_015228705.1,IncX3,8916,Homo sapiens,JABJWR010000070.1,Asia,blaNDM-5
GCA_009823655.1,IncX3,3319,Homo sapiens,WUJI01000140.1,Asia,blaNDM-5
GCA_009930995.1,IncX3,54035,Homo sapiens,CP030299.1,Asia,blaNDM-1
GCA_010183645.1,IncX3,53097,Homo sapiens,CP039811.1,Asia,blaNDM-1
GCA_010598735.1,IncX3,5535,Homo sapiens,VKYV01000124.1,North America,blaNDM-7
GCA_011077165.1,IncX3,8959,Swine,JAALAM010000026.1,Asia,blaNDM-5
GCA_011077375.1,IncX3,8986,Poultry,JAALAU010000039.1,Asia,blaNDM-5
GCA_011077405.1,IncX3,45654,Poultry,JAALAV010000027.1,Asia,blaNDM-5
GCA_011077425.1,IncX3,8986,Poultry,JAALAW010000037.1,Asia,blaNDM-5
GCA_014235835.1,IncX3,3365,Homo sapiens,JACJVA010000067.1,Asia,blaNDM-5
GCA_015774955.1,IncX3,49940,Environment,CP065350.1,Asia,blaNDM-5
GCA_018067885.1,IncX3,3416,Homo sapiens,JAGKMU010000068.1,North America,blaNDM-5
GCA_018623105.1,IncX3,46161,Homo sapiens,CP076035.1,Asia,blaNDM-5
GCA_014040905.1,IncX3,3354,Homo sapiens,JACEZO010000035.1,Asia,blaNDM-5
GCA_002257775.1,IncX3,13477,Homo sapiens,NBXW01000030.1,Asia,blaNDM-1
GCA_002257875.1,IncX3,7979,Homo sapiens,NBYG01000029.1,Asia,blaNDM-1
GCA_001884325.1,IncX3,4066,Environment,LLWX01000128.1,North America,blaNDM-7
GCA_001884335.1,IncX3,3482,Homo sapiens,LLWT01000106.1,North America,blaNDM-7
GCA_001884385.1,IncX3,3478,Environment,LLWY01000018.1,North America,blaNDM-7
GCA_001884415.1,IncX3,3482,Homo sapiens,LLWW01000057.1,North America,blaNDM-7
GCA_001884425.1,IncX3,3478,Environment,LLXA01000027.1,North America,blaNDM-7
GCA_001884465.1,IncX3,3478,Environment,LLWZ01000088.1,North America,blaNDM-7
GCA_001884485.1,IncX3,3477,Environment,LLXB01000069.1,North America,blaNDM-7
GCA_002108245.1,IncX3,3421,Homo sapiens,NBOL01000064.1,Asia,blaNDM-7
GCA_002108405.1,IncX3,3417,Homo sapiens,NBON01000063.1,Asia,blaNDM-7
GCA_004127485.1,IncX3,1808,Poultry,QFMC01000291.1,Asia,blaNDM-5
GCA_004127585.1,IncX3,3210,Poultry,QFMI01000054.1,Asia,blaNDM-5
GCA_004127685.1,IncX3,8898,Fly,QFMS01000061.1,Asia,blaNDM-5
GCA_004127675.1,IncX3,8273,Fly,QFMR01000303.1,Asia,blaNDM-5
GCA_004127695.1,IncX3,43844,Poultry,QFMB01000047.1,Asia,blaNDM-5
GCA_004127845.1,IncX3,2361,Poultry,QFMO01000334.1,Asia,blaNDM-5
GCA_004127885.1,IncX3,2188,Fly,QFMT01000391.1,Asia,blaNDM-5
GCA_004320565.1,IncX3,44988,Wild animal,SGQN01000033.1,Asia,blaNDM-5
GCA_004320595.1,IncX3,9057,Wild animal,SGQP01000054.1,Asia,blaNDM-5
GCA_004320625.1,IncX3,45526,Wild animal,SGQL01000042.1,Asia,blaNDM-5
GCA_002852995.3,IncX3,54035,Homo sapiens,CP028786.2,Asia,blaNDM-1
GCA_003936505.1,IncX3,4618,Homo sapiens,RHUD01000063.1,Asia,blaNDM-7
GCA_004127855.1,IncX3,41892,Fly,QFMQ01000014.1,Asia,blaNDM-5
GCA_008704155.1,IncX3,45184,Homo sapiens,VXIY01000011.1,Africa,blaNDM-7
GCA_008923195.1,IncX3,45593,Poultry,WBSC01000005.1,Asia,blaNDM-5
GCA_006130095.1,IncX3,3401,Homo sapiens,RZMJ01000040.1,Asia,blaNDM-5
GCA_011077505.1,IncX3,8986,Poultry,JAALBA010000034.1,Asia,blaNDM-5
GCA_013134835.1,IncX3,45978,Homo sapiens,JABFYT010000036.1,Europe,blaNDM-5
GCA_017151605.1,IncX3,45988,Environment,JACGCD010000019.1,Asia,blaNDM-5
GCA_018283615.1,IncX3,1868,Homo sapiens,JAGVVQ010000118.1,Europe,blaNDM-1
GCA_004127345.1,IncX3,9015,Poultry,QFRE01000040.1,Asia,blaNDM-5
GCA_004127435.1,IncX3,3528,Poultry,QFRF01000043.1,Asia,blaNDM-5
GCA_004127475.1,IncX3,7250,Pet,QFLY01000133.1,Asia,blaNDM-5
GCA_004127595.1,IncX3,44954,Poultry,QFMP01000041.1,Asia,blaNDM-5
GCA_004127625.1,IncX3,3203,Poultry,QFMM01000050.1,Asia,blaNDM-5
GCA_004127615.1,IncX3,3360,Poultry,QFMK01000102.1,Asia,blaNDM-5
GCA_004127715.1,IncX3,7363,Poultry,QFMG01000210.1,Asia,blaNDM-5
GCA_004127795.1,IncX3,2968,Poultry,QFML01000270.1,Asia,blaNDM-5
GCA_004127875.1,IncX3,42051,Poultry,QFMU01000015.1,Asia,blaNDM-5
GCA_004127765.1,IncX3,43908,Poultry,QFMH01000014.1,Asia,blaNDM-5
GCA_017291775.1,IncX3,49011,Homo sapiens,JAFKNK010000029.1,Asia,blaNDM-1
GCA_902166865.1,IncX3,60728,Homo sapiens,CABHKJ010000003.1,Europe,blaNDM
GCA_016613745.1,IncX3,13419,Homo sapiens,VHTF01000035.1,Missing,blaNDM-1
GCA_016615935.1,IncX3,7983,Homo sapiens,VHWX01000037.1,Missing,blaNDM-1
GCA_016616035.1,IncX3,48123,Homo sapiens,VHXB01000019.1,Missing,blaNDM-1
GCA_016616195.1,IncX3,50056,Homo sapiens,VHXE01000018.1,Missing,blaNDM-1
GCA_016616935.1,IncX3,47386,Homo sapiens,VHYJ01000020.1,Missing,blaNDM-1
GCA_016616945.1,IncX3,47386,Homo sapiens,VHYN01000019.1,Missing,blaNDM-1
GCA_016616975.1,IncX3,47386,Homo sapiens,VHYO01000020.1,Missing,blaNDM-1
GCA_016616995.1,IncX3,9005,Homo sapiens,VHYK01000039.1,Missing,blaNDM-1
GCA_016617015.1,IncX3,47386,Homo sapiens,VHYQ01000021.1,Missing,blaNDM-1
GCA_016617055.1,IncX3,5108,Homo sapiens,VHYU01000066.1,Missing,blaNDM-1
GCA_016617095.1,IncX3,47386,Homo sapiens,VHYR01000020.1,Missing,blaNDM-1
GCA_016617115.1,IncX3,5108,Homo sapiens,VHYT01000066.1,Missing,blaNDM-1
GCA_016617155.1,IncX3,5108,Homo sapiens,VHYV01000067.1,Missing,blaNDM-1
GCA_016617195.1,IncX3,46276,Homo sapiens,VHYX01000020.1,Missing,blaNDM-1
GCA_016617225.1,IncX3,46276,Homo sapiens,VHYY01000023.1,Missing,blaNDM-1
GCA_016617285.1,IncX3,48123,Homo sapiens,VHZE01000024.1,Missing,blaNDM-1
GCA_016617365.1,IncX3,48123,Homo sapiens,VHZG01000024.1,Missing,blaNDM-1
GCA_006130495.1,IncX3,1065,Homo sapiens,RZLD01000119.1,Asia,blaNDM
GCA_013377395.1,IncX3,46161,Homo sapiens,CP040446.1,Asia,blaNDM-5
GCA_014655055.1,IncX3,3354,Homo sapiens,JAAQTZ010000043.1,Asia,blaNDM-5
GCA_014655155.1,IncX3,3357,Homo sapiens,JAAQUB010000051.1,Asia,blaNDM-5
GCA_014655175.1,IncX3,3357,Homo sapiens,JAAQUA010000050.1,Asia,blaNDM-5
GCA_014655215.1,IncX3,44791,Homo sapiens,JAAQUC010000018.1,Asia,blaNDM-5
GCA_014655235.1,IncX3,7915,Homo sapiens,JAAQUD010000044.1,Asia,blaNDM-5
GCA_014655255.1,IncX3,3357,Homo sapiens,JAAQUF010000045.1,Asia,blaNDM-5
GCA_014655375.1,IncX3,7915,Homo sapiens,JAAQUI010000042.1,Asia,blaNDM-5
GCA_014655395.1,IncX3,3354,Homo sapiens,JAAQUJ010000055.1,Asia,blaNDM-5
GCA_014655575.1,IncX3,3357,Homo sapiens,JAAQUP010000043.1,Asia,blaNDM-5
GCA_014655635.1,IncX3,3354,Homo sapiens,JAAQUT010000057.1,Asia,blaNDM-5
GCA_014655615.1,IncX3,3354,Homo sapiens,JAAQUS010000055.1,Asia,blaNDM-5
GCA_014655655.1,IncX3,3352,Homo sapiens,JAAQUU010000050.1,Asia,blaNDM-5
GCA_014655795.1,IncX3,45855,Homo sapiens,JAAQVA010000026.1,Asia,blaNDM-5
GCA_014655815.1,IncX3,45530,Homo sapiens,JAAQVB010000030.1,Asia,blaNDM-5
GCA_014655835.1,IncX3,45530,Homo sapiens,JAAQVC010000027.1,Asia,blaNDM-5
GCA_014655875.1,IncX3,7915,Environment,JAAQVE010000039.1,Asia,blaNDM-5
GCA_014655275.1,IncX3,7915,Homo sapiens,JAAQUE010000038.1,Asia,blaNDM-5
GCA_014655315.1,IncX3,3357,Homo sapiens,JAAQUG010000042.1,Asia,blaNDM-5
GCA_014655415.1,IncX3,7915,Homo sapiens,JAAQUL010000044.1,Asia,blaNDM-5
GCA_014655435.1,IncX3,3941,Homo sapiens,JAAQUK010000046.1,Asia,blaNDM-5
GCA_014655455.2,IncX3,45181,Homo sapiens,CP071169.1,Asia,blaNDM-5
GCA_014655495.1,IncX3,7915,Homo sapiens,JAAQUM010000054.1,Asia,blaNDM-5
GCA_014655515.1,IncX3,3357,Homo sapiens,JAAQUQ010000045.1,Asia,blaNDM-5
GCA_014655535.1,IncX3,7915,Homo sapiens,JAAQUR010000039.1,Asia,blaNDM-5
GCA_018446255.1,IncX3,3405,Homo sapiens,JAFHPU010000061.1,Europe,blaNDM-7
GCA_018492875.1,IncX3,3167,Homo sapiens,VCBH01000054.1,Asia,blaNDM-5
GCA_018492895.1,IncX3,3164,Homo sapiens,VCBI01000066.1,Asia,blaNDM-5
GCA_018492935.1,IncX3,3164,Environment,VCBK01000046.1,Asia,blaNDM-5
GCA_018492955.1,IncX3,3164,Environment,VCBJ01000043.1,Asia,blaNDM-5
GCA_018728625.1,IncX3,3164,Homo sapiens,VCBG01000061.1,Asia,blaNDM-5
GCA_014673025.1,IncX3,3357,Homo sapiens,JACWGM010000047.1,Asia,blaNDM-5
GCA_014673035.1,IncX3,7915,Homo sapiens,JACWGL010000052.1,Asia,blaNDM-5
GCA_014673095.1,IncX3,3357,Homo sapiens,JACWGH010000050.1,Asia,blaNDM-5
GCA_014673255.1,IncX3,7915,Homo sapiens,JACWGJ010000035.1,Asia,blaNDM-5
GCA_014673305.1,IncX3,7915,Homo sapiens,JACWGK010000040.1,Asia,blaNDM-5
GCA_014673335.1,IncX3,3357,Homo sapiens,JACWGI010000051.1,Asia,blaNDM-5
GCA_014673355.1,IncX3,7915,Homo sapiens,JACWGG010000048.1,Asia,blaNDM-5
GCA_014673385.1,IncX3,7915,Homo sapiens,JACWGF010000047.1,Asia,blaNDM-5
GCA_014673375.1,IncX3,7915,Homo sapiens,JACWGE010000042.1,Asia,blaNDM-5
GCA_014834275.1,IncX3,3316,Homo sapiens,JABKMW010000098.1,North America,blaNDM-7
GCA_014834305.1,IncX3,3316,Homo sapiens,JABKMV010000096.1,North America,blaNDM-7
GCA_016795965.1,IncX3,5620,Homo sapiens,JAEVAE010000053.1,North America,blaNDM-7
